Type,First,Last,Comment
Panorama,5193,5218,
Panorama,5220,5226,
Panorama,5264,5278,
Panorama,5279,5309,
Panorama,5319,5372,
Panorama,5389,5402,
Panorama,5403,5433,HDR
HDR,5403,5405,
HDR,5406,5408,
HDR,5409,5411,
HDR,5412,5414,
HDR,5415,5417,
HDR,5418,5420,
HDR,5421,5423,
HDR,5424,5426,
HDR,5427,5428,
HDR,5429,5431,
HDR,5432,5433,
HDR,5434,5436,
Panorama,5443,5456,
Panorama,5538,5546,
Panorama,5551,5560,
HDR,5562,5565,
HDR,5566,5570,
Panorama,5579,5582,
Panorama,5583,5602,
Panorama,5619,5685,
HDR,5691,5694,
HDR,5704,5708,
HDR,5709,5713,
HDR,5714,5718,
HDR,5719,5723,
HDR,5724,5728,
HDR,5729,5733,
HDR,5734,5738,
HDR,5739,5744,
HDR,5745,5750,
HDR,5751,5756,
HDR,5757,5762,
Panorama,5763,5796,HDR
HDR,5763,5766,
HDR,5767,5770,
HDR,5771,5774,
HDR,5775,5778,
HDR,5779,5782,
HDR,5783,5786,
HDR,5787,5791,
HDR,5792,5796,
HDR,5797,5800,
HDR,5803,5805,
HDR,5806,5809,
HDR,5810,5813,
HDR,5910,5911,
HDR,5912,5914,
Panorama,5920,5934,HDR
HDR,5920,5923,
HDR,5924,5926,
HDR,5927,5930,
HDR,5931,5934,
HDR,5935,5938,
Panorama,5942,5958,HDR
HDR,5942,5945,
HDR,5946,5949,
HDR,5950,5953,
HDR,5954,5958,
Panorama,5959,5973,HDR
HDR,5959,5961,
HDR,5962,5965,
HDR,5966,5969,
HDR,5970,5973,
Panorama,5974,6007,HDR
HDR,5976,5980,
HDR,5981,5984,
HDR,5985,5986,
HDR,5987,5989,
HDR,5990,5992,
HDR,5993,5996,
HDR,5997,5999,
HDR,6000,6003,
HDR,6004,6007,
HDR,6045,6048,
HDR,6056,6058,
Panorama,6075,6086,HDR
HDR,6075,6077,
HDR,6078,6080,
HDR,6081,6083,
HDR,6084,6086,
Panorama,6087,6092,HDR
HDR,6087,6089,
HDR,6090,6092,
HDR,6102,6105,
Panorama,6106,6124,HDR
HDR,6106,6109,
HDR,6110,6113,
HDR,6114,6116,
HDR,6117,6120,
HDR,6121,6124,
Panorama,6135,6148,HDR
HDR,6135,6137,
HDR,6138,6141,
HDR,6142,6144,
HDR,6145,6149,
Panorama,6150,6177,HDR
HDR,6150,6153,
HDR,6154,6158,
HDR,6159,6161,
HDR,6162,6164,
HDR,6165,6167,
HDR,6168,6170,
HDR,6171,6173,
HDR,6174,6177,
Panorama,6179,6201,HDR
HDR,6179,6183,
HDR,6184,6188,
HDR,6189,6193,
HDR,6194,6197,
HDR,6198,6201,
HDR,6207,6210,
HDR,6218,6220,
HDR,6227,6231,
Panorama,6250,6277,HDR
HDR,6250,6254,
HDR,6255,6259,
HDR,6260,6264,
HDR,6265,6269,
HDR,6270,6274,
HDR,6275,6279,
HDR,6291,6295,
Panorama,6309,6342,HDR
HDR,6309,6313,
HDR,6314,6318,
HDR,6320,6324,
HDR,6325,6329,
HDR,6332,6336,
HDR,6338,6342,
HDR,6363,6367,
Panorama,6369,6413,HDR
HDR,6369,6373,
HDR,6374,6378,
HDR,6379,6383,
HDR,6384,6388,
HDR,6389,6393,
HDR,6394,6398,
HDR,6399,6403,
HDR,6404,6408,
HDR,6409,6413,
Panorama,6414,6493,HDR
HDR,6414,6418,
HDR,6419,6423,
HDR,6424,6428,
HDR,6429,6433,
HDR,6434,6438,
HDR,6439,6443,
HDR,6444,6448,
HDR,6449,6453,
HDR,6454,6458,
HDR,6459,6463,
HDR,6464,6468,
HDR,6469,6473,
HDR,6474,6478,
HDR,6479,6483,
HDR,6484,6488,
HDR,6489,6493,
HDR,6494,6498,
HDR,6499,6503,
HDR,6504,6508,
HDR,6509,6513,
HDR,6514,6518,
HDR,6519,6523,
HDR,6524,6528,
HDR,6529,6533,
Panorama,6547,6626,HDR
HDR,6547,6551,
HDR,6552,6556,
HDR,6557,6561,
HDR,6562,6566,
HDR,6567,6571,
HDR,6572,6576,
HDR,6577,6581,
HDR,6582,6586,
HDR,6587,6591,
HDR,6592,6596,
HDR,6597,6601,
HDR,6602,6606,
HDR,6607,6611,
HDR,6612,6616,
HDR,6617,6621,
HDR,6622,6626,
HDR,6627,6631,
HDR,6638,6642,
Panorama,6643,6712,HDR
HDR,6643,6647,
HDR,6648,6652,
HDR,6653,6657,
HDR,6658,6662,
HDR,6663,6667,
HDR,6668,6672,
HDR,6673,6677,
HDR,6678,6682,
HDR,6683,6687,
HDR,6688,6692,
HDR,6693,6697,
HDR,6698,6702,
HDR,6703,6707,
HDR,6708,6712,
Panorama,6722,6771,HDR
HDR,6722,6726,
HDR,6727,6731,
HDR,6732,6736,
HDR,6737,6741,
HDR,6742,6746,
HDR,6747,6751,
HDR,6752,6756,
HDR,6757,6761,
HDR,6762,6766,
HDR,6767,6771,
Panorama,6772,6791,HDR
HDR,6772,6776,
HDR,6777,6781,
HDR,6782,6786,
HDR,6787,6791,
Panorama,6828,6866,HDR
HDR,6828,6832,
HDR,6833,6837,
HDR,6838,6842,
HDR,6843,6847,
HDR,6848,6852,
HDR,6853,6857,
HDR,6858,6862,
HDR,6863,6867,
Panorama,6907,6941,HDR
HDR,6907,6911,
HDR,6912,6916,
HDR,6917,6921,
HDR,6922,6926,
HDR,6927,6931,
HDR,6932,6936,
HDR,6937,6941,
HDR,6942,6946,
Panorama,6947,6963,
Panorama,6979,7028,HDR
HDR,6979,6983,
HDR,6984,6988,
HDR,6989,6993,
HDR,6994,6998,
HDR,6999,7003,
HDR,7004,7008,
HDR,7009,7013,
HDR,7014,7018,
HDR,7019,7023,
HDR,7024,7028,
Panorama,7049,7076,HDR
HDR,7049,7055,
HDR,7056,7062,
HDR,7063,7069,
HDR,7070,7076,
Panorama,7077,7125,HDR
HDR,7077,7083,
HDR,7084,7090,
HDR,7091,7097,
HDR,7098,7104,
HDR,7105,7111,
HDR,7112,7118,
HDR,7119,7125,
HDR,7148,7150,
Panorama,7251,7278,HDR
HDR,7251,7257,
HDR,7258,7264,
HDR,7265,7271,
HDR,7272,7278,
HDR,7286,7292,
Panorama,7327,7354,HDR
HDR,7327,7333,
HDR,7334,7340,
HDR,7341,7347,
HDR,7348,7354,
Panorama,7381,7398,HDR
HDR,7381,7383,
HDR,7384,7386,
HDR,7387,7389,
HDR,7390,7392,
HDR,7393,7395,
HDR,7396,7398,
Panorama,7413,7440,HDR
HDR,7413,7419,
HDR,7420,7426,
HDR,7427,7433,
HDR,7434,7440,
HDR,7454,7460,
Panorama,7455,7481,HDR
HDR,7461,7467,
HDR,7468,7474,
HDR,7475,7481,
Timelapse,7503,7793,
Panorama,7813,7854,HDR
HDR,7813,7819,
HDR,7820,7826,
HDR,7827,7833,
HDR,7834,7840,
HDR,7841,7847,
HDR,7848,7854,
Panorama,7857,8003,HDR
HDR,7857,7863,
HDR,7864,7870,
HDR,7871,7877,
HDR,7878,7884,
HDR,7885,7891,
HDR,7892,7898,
HDR,7899,7905,
HDR,7906,7912,
HDR,7913,7919,
HDR,7920,7926,
HDR,7927,7933,
HDR,7934,7940,
HDR,7941,7947,
HDR,7948,7954,
HDR,7955,7961,
HDR,7962,7968,
HDR,7969,7975,
HDR,7976,7982,
HDR,7983,7989,
HDR,7990,7996,
HDR,7997,8003,
HDR,8006,8012,
HDR,8013,8019,
Panorama,8029,8032,
Panorama,8034,8089,HDR
HDR,8034,8040,
HDR,8041,8047,
HDR,8048,8054,
HDR,8055,8061,
HDR,8062,8068,
HDR,8069,8075,
HDR,8076,8082,
HDR,8083,8089,
HDR,8090,8096,
Panorama,8112,8167,HDR
HDR,8112,8118,
HDR,8119,8125,
HDR,8126,8132,
HDR,8133,8139,
HDR,8140,8146,
HDR,8147,8153,
HDR,8154,8160,
HDR,8161,8167,
HDR,8169,8175,
Timelapse,8176,8440,
HDR,8448,8454,
HDR,8455,8459,
HDR,8470,8473,
HDR,8474,8478,
Panorama,8500,8519,HDR
HDR,8500,8504,
HDR,8505,8509,
HDR,8510,8514,
HDR,8515,8519,
Panorama,8533,8562,HDR
HDR,8533,8537,
HDR,8538,8542,
HDR,8543,8547,
HDR,8548,8552,
HDR,8553,8557,
HDR,8558,8562,
HDR,8570,8572,
HDR,8614,8617,
HDR,8620,8624,
HDR,8628,8632,
HDR,8638,8642,
HDR,8644,8648,
HDR,8737,8741,
HDR,8742,8746,
Panorama,8792,8806,HDR
HDR,8792,8796,
HDR,8797,8801,
HDR,8802,8806,
HDR,8807,8811,
HDR,8841,8845,
HDR,8849,8854,
HDR,8859,8864,
Panorama,8872,8912,HDR
HDR,8872,8877,
HDR,8879,8884,
HDR,8886,8891,
HDR,8893,8898,
HDR,8900,8905,
HDR,8907,8912,
Panorama,8922,8926,
Panorama,8941,8980,HDR
HDR,8941,8946,
HDR,8948,8953,
HDR,8955,8960,
HDR,8962,8967,
HDR,8969,8974,
HDR,8976,8980,
HDR,8990,8994,
HDR,8997,9003,
Panorama,9026,9044,
HDR,9050,9056,
HDR,9062,9068,
HDR,9069,9075,
HDR,9085,9091,
HDR,9122,9129,
HDR,9153,9159,
Panorama,9281,9405,HDR
HDR,9281,9287,
HDR,9288,9294,
HDR,9295,9301,
HDR,9302,9308,
HDR,9309,9315,
HDR,9316,9322,
HDR,9323,9329,
HDR,9330,9336,
HDR,9337,9343,
HDR,9344,9350,
HDR,9351,9357,
HDR,9358,9364,
HDR,9365,9371,
HDR,9372,9378,
HDR,9379,9385,
HDR,9386,9392,
HDR,9393,9399,
HDR,9400,9405,
Panorama,9431,9434,
Panorama,9464,9519,HDR
HDR,9464,9470,
HDR,9471,9477,
HDR,9478,9484,
HDR,9485,9491,
HDR,9492,9498,
HDR,9499,9505,
HDR,9506,9512,
HDR,9513,9519,
HDR,9521,9527,
HDR,9528,9534,
Panorama,9544,9578,HDR
HDR,9544,9550,
HDR,9551,9557,
HDR,9558,9564,
HDR,9565,9571,
HDR,9571,9578,
HDR,9581,9587,
HDR,9604,9609,
Panorama,9610,9651,HDR
HDR,9610,9616,
HDR,9617,9623,
HDR,9624,9630,
HDR,9631,9637,
HDR,9638,9644,
HDR,9645,9651,
Panorama,9657,9684,HDR
HDR,9657,9663,
HDR,9664,9670,
HDR,9671,9677,
HDR,9678,9684,
HDR,9685,9691,
HDR,9694,9700,
Panorama,9701,9735,HDR
HDR,9701,9707,
HDR,9708,9714,
HDR,9715,9721,
HDR,9722,9728,
HDR,9729,9735,
Panorama,9736,9739,
HDR,9740,9746,
HDR,9751,9757,
HDR,9758,9764,
HDR,9765,9771,
Panorama,9772,9799,HDR
HDR,9772,9778,
HDR,9779,9785,
HDR,9786,9792,
HDR,9793,9799,
Panorama,9852,9963,HDR
HDR,9852,9858,
HDR,9859,9865,
HDR,9866,9872,
HDR,9873,9879,
HDR,9880,9886,
HDR,9887,9893,
HDR,9894,9900,
HDR,9901,9907,
HDR,9908,9914,
HDR,9915,9921,
HDR,9922,9928,
HDR,9929,9935,
HDR,9936,9942,
HDR,9943,9949,
HDR,9950,9956,
HDR,9957,9963,
Panorama,9964,9978,HDR
HDR,9964,9968,
HDR,9969,9973,
HDR,9974,9978,
Panorama,9984,12,HDR
HDR,9984,9990,
HDR,9991,9997,
HDR,9998,5,
HDR,6,12,
Panorama,13,54,HDR
HDR,13,19,
HDR,20,26,
HDR,27,33,
HDR,34,40,
HDR,41,47,
HDR,48,54,
HDR,56,61,
Panorama,62,96,HDR
HDR,62,68,
HDR,69,75,
HDR,76,82,
HDR,83,89,
HDR,90,96,
Panorama,103,158,HDR
HDR,103,109,
HDR,110,116,
HDR,117,123,
HDR,124,130,
HDR,131,137,
HDR,138,144,
HDR,145,151,
HDR,152,158,
HDR,176,182,
HDR,183,189,
Panorama,194,198,
Panorama,200,213,HDR
HDR,200,206,
HDR,207,213,
Panorama,215,217,
HDR,219,225,
HDR,226,232,
HDR,233,239,
HDR,240,246,
HDR,247,253,
Panorama,260,262,
HDR,266,273,
Timelapse,282,570,
Timelapse,587,693,
Timelapse,703,1141,
HDR,1149,1155,
HDR,1156,1162,
Panorama,1163,1167,
Panorama,1174,1178,
Panorama,1188,1215,HDR
HDR,1188,1194,
HDR,1195,1201,
HDR,1202,1208,
HDR,1209,1213,
Panorama,1235,1255,HDR
HDR,1235,1241,
HDR,1242,1249,
HDR,1249,1255,
HDR,1256,1262,
HDR,1263,1269,
HDR,1270,1276,
HDR,1277,1283,
Panorama,1285,1312,HDR
HDR,1285,1291,
HDR,1292,1298,
HDR,1299,1305,
HDR,1306,1312,
HDR,1327,1333,
HDR,1334,1340,
HDR,1341,1347,
Panorama,1363,1365,
Panorama,1374,1394,HDR
HDR,1374,1380,
HDR,1381,1387,
HDR,1388,1394,
Panorama,1395,1485,HDR
HDR,1395,1401,
HDR,1402,1408,
HDR,1409,1415,
HDR,1416,1422,
HDR,1423,1429,
HDR,1430,1436,
HDR,1437,1443,
HDR,1444,1450,
HDR,1451,1457,
HDR,1458,1464,
HDR,1465,1471,
HDR,1472,1478,
HDR,1479,1485,
HDR,1501,1507,
HDR,1508,1514,
HDR,1515,1521,
Panorama,1522,1549,HDR
HDR,1522,1528,
HDR,1529,1535,
HDR,1536,1542,
HDR,1543,1549,
Panorama,1569,1596,HDR
HDR,1569,1575,
HDR,1576,1582,
HDR,1583,1589,
HDR,1590,1596,
Panorama,1639,1705,
Panorama,1706,1740,HDR
HDR,1706,1712,
HDR,1713,1719,
HDR,1720,1726,
HDR,1727,1733,
HDR,1734,1740,
Panorama,1804,1810,
Panorama,1819,1833,
Panorama,1863,1880,
